Component,Origin,License
core,"github.com/frapposelli/wwhrd",MIT
core,"cloud.google.com/go/compute/metadata",Apache-2.0
core,"github.com/davecgh/go-spew/spew",ISC
core,"github.com/emicklei/go-restful",MIT
core,"github.com/emicklei/go-restful/log",MIT
core,"github.com/evanphx/json-patch",NewBSD
core,"github.com/go-logr/logr",Apache-2.0
core,"github.com/go-openapi/jsonpointer",Apache-2.0
core,"github.com/go-openapi/jsonreference",Apache-2.0
core,"github.com/go-openapi/jsonreference/internal",Apache-2.0
core,"github.com/go-openapi/swag",Apache-2.0
core,"github.com/gogo/protobuf/proto",NewBSD
core,"github.com/gogo/protobuf/sortkeys",NewBSD
core,"github.com/golang/protobuf/proto",NewBSD
core,"github.com/golang/protobuf/ptypes",NewBSD
core,"github.com/golang/protobuf/ptypes/any",NewBSD
core,"github.com/golang/protobuf/ptypes/duration",NewBSD
core,"github.com/golang/protobuf/ptypes/timestamp",NewBSD
core,"github.com/google/gnostic/compiler",Apache-2.0
core,"github.com/google/gnostic/extensions",Apache-2.0
core,"github.com/google/gnostic/jsonschema",Apache-2.0
core,"github.com/google/gnostic/openapiv2",Apache-2.0
core,"github.com/google/gnostic/openapiv3",Apache-2.0
core,"github.com/google/go-cmp/cmp",NewBSD
core,"github.com/google/go-cmp/cmp/internal/diff",NewBSD
core,"github.com/google/go-cmp/cmp/internal/flags",NewBSD
core,"github.com/google/go-cmp/cmp/internal/function",NewBSD
core,"github.com/google/go-cmp/cmp/internal/value",NewBSD
core,"github.com/google/gofuzz",Apache-2.0
core,"github.com/google/gofuzz/bytesource",Apache-2.0
core,"github.com/josharian/intern",MIT
core,"github.com/json-iterator/go",MIT
core,"github.com/mailru/easyjson/buffer",MIT
core,"github.com/mailru/easyjson/jlexer",MIT
core,"github.com/mailru/easyjson/jwriter",MIT
core,"github.com/modern-go/concurrent",Apache-2.0
core,"github.com/modern-go/reflect2",Apache-2.0
core,"github.com/munnerz/goautoneg",NewBSD
core,"github.com/pkg/errors",FreeBSD
core,"github.com/pmezard/go-difflib/difflib",FreeBSD
core,"github.com/sirupsen/logrus",MIT
core,"github.com/stretchr/testify/assert",MIT
core,"golang.org/x/net/context",NewBSD
core,"golang.org/x/net/context/ctxhttp",NewBSD
core,"golang.org/x/net/http/httpguts",NewBSD
core,"golang.org/x/net/http2",NewBSD
core,"golang.org/x/net/http2/hpack",NewBSD
core,"golang.org/x/net/idna",NewBSD
core,"golang.org/x/oauth2",NewBSD
core,"golang.org/x/oauth2/authhandler",NewBSD
core,"golang.org/x/oauth2/google",NewBSD
core,"golang.org/x/oauth2/google/internal/externalaccount",NewBSD
core,"golang.org/x/oauth2/internal",NewBSD
core,"golang.org/x/oauth2/jws",NewBSD
core,"golang.org/x/oauth2/jwt",NewBSD
core,"golang.org/x/sync/errgroup",NewBSD
core,"golang.org/x/sys/internal/unsafeheader",NewBSD
core,"golang.org/x/sys/plan9",NewBSD
core,"golang.org/x/sys/unix",NewBSD
core,"golang.org/x/sys/windows",NewBSD
core,"golang.org/x/term",NewBSD
core,"golang.org/x/text/secure/bidirule",NewBSD
core,"golang.org/x/text/transform",NewBSD
core,"golang.org/x/text/unicode/bidi",NewBSD
core,"golang.org/x/text/unicode/norm",NewBSD
core,"golang.org/x/time/rate",NewBSD
core,"google.golang.org/appengine",Apache-2.0
core,"google.golang.org/appengine/internal",Apache-2.0
core,"google.golang.org/appengine/internal/app_identity",Apache-2.0
core,"google.golang.org/appengine/internal/base",Apache-2.0
core,"google.golang.org/appengine/internal/datastore",Apache-2.0
core,"google.golang.org/appengine/internal/log",Apache-2.0
core,"google.golang.org/appengine/internal/modules",Apache-2.0
core,"google.golang.org/appengine/internal/remote_api",Apache-2.0
core,"google.golang.org/appengine/internal/urlfetch",Apache-2.0
core,"google.golang.org/appengine/urlfetch",Apache-2.0
core,"google.golang.org/protobuf/encoding/prototext",NewBSD
core,"google.golang.org/protobuf/encoding/protowire",NewBSD
core,"google.golang.org/protobuf/internal/descfmt",NewBSD
core,"google.golang.org/protobuf/internal/descopts",NewBSD
core,"google.golang.org/protobuf/internal/detrand",NewBSD
core,"google.golang.org/protobuf/internal/encoding/defval",NewBSD
core,"google.golang.org/protobuf/internal/encoding/messageset",NewBSD
core,"google.golang.org/protobuf/internal/encoding/tag",NewBSD
core,"google.golang.org/protobuf/internal/encoding/text",NewBSD
core,"google.golang.org/protobuf/internal/errors",NewBSD
core,"google.golang.org/protobuf/internal/filedesc",NewBSD
core,"google.golang.org/protobuf/internal/filetype",NewBSD
core,"google.golang.org/protobuf/internal/flags",NewBSD
core,"google.golang.org/protobuf/internal/genid",NewBSD
core,"google.golang.org/protobuf/internal/impl",NewBSD
core,"google.golang.org/protobuf/internal/order",NewBSD
core,"google.golang.org/protobuf/internal/pragma",NewBSD
core,"google.golang.org/protobuf/internal/set",NewBSD
core,"google.golang.org/protobuf/internal/strs",NewBSD
core,"google.golang.org/protobuf/internal/version",NewBSD
core,"google.golang.org/protobuf/proto",NewBSD
core,"google.golang.org/protobuf/reflect/protodesc",NewBSD
core,"google.golang.org/protobuf/reflect/protoreflect",NewBSD
core,"google.golang.org/protobuf/reflect/protoregistry",NewBSD
core,"google.golang.org/protobuf/runtime/protoiface",NewBSD
core,"google.golang.org/protobuf/runtime/protoimpl",NewBSD
core,"google.golang.org/protobuf/types/descriptorpb",NewBSD
core,"google.golang.org/protobuf/types/known/anypb",NewBSD
core,"google.golang.org/protobuf/types/known/durationpb",NewBSD
core,"google.golang.org/protobuf/types/known/timestamppb",NewBSD
core,"gopkg.in/inf.v0",NewBSD
core,"gopkg.in/yaml.v2",Apache-2.0
core,"gopkg.in/yaml.v3",MIT
core,"k8s.io/api/admissionregistration/v1",Apache-2.0
core,"k8s.io/api/admissionregistration/v1beta1",Apache-2.0
core,"k8s.io/api/apiserverinternal/v1alpha1",Apache-2.0
core,"k8s.io/api/apps/v1",Apache-2.0
core,"k8s.io/api/apps/v1beta1",Apache-2.0
core,"k8s.io/api/apps/v1beta2",Apache-2.0
core,"k8s.io/api/authentication/v1",Apache-2.0
core,"k8s.io/api/authentication/v1beta1",Apache-2.0
core,"k8s.io/api/authorization/v1",Apache-2.0
core,"k8s.io/api/authorization/v1beta1",Apache-2.0
core,"k8s.io/api/autoscaling/v1",Apache-2.0
core,"k8s.io/api/autoscaling/v2",Apache-2.0
core,"k8s.io/api/autoscaling/v2beta1",Apache-2.0
core,"k8s.io/api/autoscaling/v2beta2",Apache-2.0
core,"k8s.io/api/batch/v1",Apache-2.0
core,"k8s.io/api/batch/v1beta1",Apache-2.0
core,"k8s.io/api/certificates/v1",Apache-2.0
core,"k8s.io/api/certificates/v1beta1",Apache-2.0
core,"k8s.io/api/coordination/v1",Apache-2.0
core,"k8s.io/api/coordination/v1beta1",Apache-2.0
core,"k8s.io/api/core/v1",Apache-2.0
core,"k8s.io/api/discovery/v1",Apache-2.0
core,"k8s.io/api/discovery/v1beta1",Apache-2.0
core,"k8s.io/api/events/v1",Apache-2.0
core,"k8s.io/api/events/v1beta1",Apache-2.0
core,"k8s.io/api/extensions/v1beta1",Apache-2.0
core,"k8s.io/api/flowcontrol/v1alpha1",Apache-2.0
core,"k8s.io/api/flowcontrol/v1beta1",Apache-2.0
core,"k8s.io/api/flowcontrol/v1beta2",Apache-2.0
core,"k8s.io/api/networking/v1",Apache-2.0
core,"k8s.io/api/networking/v1beta1",Apache-2.0
core,"k8s.io/api/node/v1",Apache-2.0
core,"k8s.io/api/node/v1alpha1",Apache-2.0
core,"k8s.io/api/node/v1beta1",Apache-2.0
core,"k8s.io/api/policy/v1",Apache-2.0
core,"k8s.io/api/policy/v1beta1",Apache-2.0
core,"k8s.io/api/rbac/v1",Apache-2.0
core,"k8s.io/api/rbac/v1alpha1",Apache-2.0
core,"k8s.io/api/rbac/v1beta1",Apache-2.0
core,"k8s.io/api/scheduling/v1",Apache-2.0
core,"k8s.io/api/scheduling/v1alpha1",Apache-2.0
core,"k8s.io/api/scheduling/v1beta1",Apache-2.0
core,"k8s.io/api/storage/v1",Apache-2.0
core,"k8s.io/api/storage/v1alpha1",Apache-2.0
core,"k8s.io/api/storage/v1beta1",Apache-2.0
core,"k8s.io/apimachinery/pkg/api/errors",Apache-2.0
core,"k8s.io/apimachinery/pkg/api/meta",Apache-2.0
core,"k8s.io/apimachinery/pkg/api/resource",Apache-2.0
core,"k8s.io/apimachinery/pkg/apis/meta/internalversion",Apache-2.0
core,"k8s.io/apimachinery/pkg/apis/meta/v1",Apache-2.0
core,"k8s.io/apimachinery/pkg/apis/meta/v1/unstructured",Apache-2.0
core,"k8s.io/apimachinery/pkg/apis/meta/v1beta1",Apache-2.0
core,"k8s.io/apimachinery/pkg/conversion",Apache-2.0
core,"k8s.io/apimachinery/pkg/conversion/queryparams",Apache-2.0
core,"k8s.io/apimachinery/pkg/fields",Apache-2.0
core,"k8s.io/apimachinery/pkg/labels",Apache-2.0
core,"k8s.io/apimachinery/pkg/runtime",Apache-2.0
core,"k8s.io/apimachinery/pkg/runtime/schema",Apache-2.0
core,"k8s.io/apimachinery/pkg/runtime/serializer",Apache-2.0
core,"k8s.io/apimachinery/pkg/runtime/serializer/json",Apache-2.0
core,"k8s.io/apimachinery/pkg/runtime/serializer/protobuf",Apache-2.0
core,"k8s.io/apimachinery/pkg/runtime/serializer/recognizer",Apache-2.0
core,"k8s.io/apimachinery/pkg/runtime/serializer/streaming",Apache-2.0
core,"k8s.io/apimachinery/pkg/runtime/serializer/versioning",Apache-2.0
core,"k8s.io/apimachinery/pkg/selection",Apache-2.0
core,"k8s.io/apimachinery/pkg/types",Apache-2.0
core,"k8s.io/apimachinery/pkg/util/cache",Apache-2.0
core,"k8s.io/apimachinery/pkg/util/diff",Apache-2.0
core,"k8s.io/apimachinery/pkg/util/errors",Apache-2.0
core,"k8s.io/apimachinery/pkg/util/framer",Apache-2.0
core,"k8s.io/apimachinery/pkg/util/intstr",Apache-2.0
core,"k8s.io/apimachinery/pkg/util/json",Apache-2.0
core,"k8s.io/apimachinery/pkg/util/managedfields",Apache-2.0
core,"k8s.io/apimachinery/pkg/util/mergepatch",Apache-2.0
core,"k8s.io/apimachinery/pkg/util/naming",Apache-2.0
core,"k8s.io/apimachinery/pkg/util/net",Apache-2.0
core,"k8s.io/apimachinery/pkg/util/runtime",Apache-2.0
core,"k8s.io/apimachinery/pkg/util/sets",Apache-2.0
core,"k8s.io/apimachinery/pkg/util/strategicpatch",Apache-2.0
core,"k8s.io/apimachinery/pkg/util/validation",Apache-2.0
core,"k8s.io/apimachinery/pkg/util/validation/field",Apache-2.0
core,"k8s.io/apimachinery/pkg/util/wait",Apache-2.0
core,"k8s.io/apimachinery/pkg/util/yaml",Apache-2.0
core,"k8s.io/apimachinery/pkg/version",Apache-2.0
core,"k8s.io/apimachinery/pkg/watch",Apache-2.0
core,"k8s.io/apimachinery/third_party/forked/golang/json",Apache-2.0
core,"k8s.io/apimachinery/third_party/forked/golang/reflect",Apache-2.0
core,"k8s.io/client-go/applyconfigurations/admissionregistration/v1",Apache-2.0
core,"k8s.io/client-go/applyconfigurations/admissionregistration/v1beta1",Apache-2.0
core,"k8s.io/client-go/applyconfigurations/apiserverinternal/v1alpha1",Apache-2.0
core,"k8s.io/client-go/applyconfigurations/apps/v1",Apache-2.0
core,"k8s.io/client-go/applyconfigurations/apps/v1beta1",Apache-2.0
core,"k8s.io/client-go/applyconfigurations/apps/v1beta2",Apache-2.0
core,"k8s.io/client-go/applyconfigurations/autoscaling/v1",Apache-2.0
core,"k8s.io/client-go/applyconfigurations/autoscaling/v2",Apache-2.0
core,"k8s.io/client-go/applyconfigurations/autoscaling/v2beta1",Apache-2.0
core,"k8s.io/client-go/applyconfigurations/autoscaling/v2beta2",Apache-2.0
core,"k8s.io/client-go/applyconfigurations/batch/v1",Apache-2.0
core,"k8s.io/client-go/applyconfigurations/batch/v1beta1",Apache-2.0
core,"k8s.io/client-go/applyconfigurations/certificates/v1",Apache-2.0
core,"k8s.io/client-go/applyconfigurations/certificates/v1beta1",Apache-2.0
core,"k8s.io/client-go/applyconfigurations/coordination/v1",Apache-2.0
core,"k8s.io/client-go/applyconfigurations/coordination/v1beta1",Apache-2.0
core,"k8s.io/client-go/applyconfigurations/core/v1",Apache-2.0
core,"k8s.io/client-go/applyconfigurations/discovery/v1",Apache-2.0
core,"k8s.io/client-go/applyconfigurations/discovery/v1beta1",Apache-2.0
core,"k8s.io/client-go/applyconfigurations/events/v1",Apache-2.0
core,"k8s.io/client-go/applyconfigurations/events/v1beta1",Apache-2.0
core,"k8s.io/client-go/applyconfigurations/extensions/v1beta1",Apache-2.0
core,"k8s.io/client-go/applyconfigurations/flowcontrol/v1alpha1",Apache-2.0
core,"k8s.io/client-go/applyconfigurations/flowcontrol/v1beta1",Apache-2.0
core,"k8s.io/client-go/applyconfigurations/flowcontrol/v1beta2",Apache-2.0
core,"k8s.io/client-go/applyconfigurations/internal",Apache-2.0
core,"k8s.io/client-go/applyconfigurations/meta/v1",Apache-2.0
core,"k8s.io/client-go/applyconfigurations/networking/v1",Apache-2.0
core,"k8s.io/client-go/applyconfigurations/networking/v1beta1",Apache-2.0
core,"k8s.io/client-go/applyconfigurations/node/v1",Apache-2.0
core,"k8s.io/client-go/applyconfigurations/node/v1alpha1",Apache-2.0
core,"k8s.io/client-go/applyconfigurations/node/v1beta1",Apache-2.0
core,"k8s.io/client-go/applyconfigurations/policy/v1",Apache-2.0
core,"k8s.io/client-go/applyconfigurations/policy/v1beta1",Apache-2.0
core,"k8s.io/client-go/applyconfigurations/rbac/v1",Apache-2.0
core,"k8s.io/client-go/applyconfigurations/rbac/v1alpha1",Apache-2.0
core,"k8s.io/client-go/applyconfigurations/rbac/v1beta1",Apache-2.0
core,"k8s.io/client-go/applyconfigurations/scheduling/v1",Apache-2.0
core,"k8s.io/client-go/applyconfigurations/scheduling/v1alpha1",Apache-2.0
core,"k8s.io/client-go/applyconfigurations/scheduling/v1beta1",Apache-2.0
core,"k8s.io/client-go/applyconfigurations/storage/v1",Apache-2.0
core,"k8s.io/client-go/applyconfigurations/storage/v1alpha1",Apache-2.0
core,"k8s.io/client-go/applyconfigurations/storage/v1beta1",Apache-2.0
core,"k8s.io/client-go/discovery",Apache-2.0
core,"k8s.io/client-go/discovery/fake",Apache-2.0
core,"k8s.io/client-go/informers",Apache-2.0
core,"k8s.io/client-go/informers/admissionregistration",Apache-2.0
core,"k8s.io/client-go/informers/admissionregistration/v1",Apache-2.0
core,"k8s.io/client-go/informers/admissionregistration/v1beta1",Apache-2.0
core,"k8s.io/client-go/informers/apiserverinternal",Apache-2.0
core,"k8s.io/client-go/informers/apiserverinternal/v1alpha1",Apache-2.0
core,"k8s.io/client-go/informers/apps",Apache-2.0
core,"k8s.io/client-go/informers/apps/v1",Apache-2.0
core,"k8s.io/client-go/informers/apps/v1beta1",Apache-2.0
core,"k8s.io/client-go/informers/apps/v1beta2",Apache-2.0
core,"k8s.io/client-go/informers/autoscaling",Apache-2.0
core,"k8s.io/client-go/informers/autoscaling/v1",Apache-2.0
core,"k8s.io/client-go/informers/autoscaling/v2",Apache-2.0
core,"k8s.io/client-go/informers/autoscaling/v2beta1",Apache-2.0
core,"k8s.io/client-go/informers/autoscaling/v2beta2",Apache-2.0
core,"k8s.io/client-go/informers/batch",Apache-2.0
core,"k8s.io/client-go/informers/batch/v1",Apache-2.0
core,"k8s.io/client-go/informers/batch/v1beta1",Apache-2.0
core,"k8s.io/client-go/informers/certificates",Apache-2.0
core,"k8s.io/client-go/informers/certificates/v1",Apache-2.0
core,"k8s.io/client-go/informers/certificates/v1beta1",Apache-2.0
core,"k8s.io/client-go/informers/coordination",Apache-2.0
core,"k8s.io/client-go/informers/coordination/v1",Apache-2.0
core,"k8s.io/client-go/informers/coordination/v1beta1",Apache-2.0
core,"k8s.io/client-go/informers/core",Apache-2.0
core,"k8s.io/client-go/informers/core/v1",Apache-2.0
core,"k8s.io/client-go/informers/discovery",Apache-2.0
core,"k8s.io/client-go/informers/discovery/v1",Apache-2.0
core,"k8s.io/client-go/informers/discovery/v1beta1",Apache-2.0
core,"k8s.io/client-go/informers/events",Apache-2.0
core,"k8s.io/client-go/informers/events/v1",Apache-2.0
core,"k8s.io/client-go/informers/events/v1beta1",Apache-2.0
core,"k8s.io/client-go/informers/extensions",Apache-2.0
core,"k8s.io/client-go/informers/extensions/v1beta1",Apache-2.0
core,"k8s.io/client-go/informers/flowcontrol",Apache-2.0
core,"k8s.io/client-go/informers/flowcontrol/v1alpha1",Apache-2.0
core,"k8s.io/client-go/informers/flowcontrol/v1beta1",Apache-2.0
core,"k8s.io/client-go/informers/flowcontrol/v1beta2",Apache-2.0
core,"k8s.io/client-go/informers/internalinterfaces",Apache-2.0
core,"k8s.io/client-go/informers/networking",Apache-2.0
core,"k8s.io/client-go/informers/networking/v1",Apache-2.0
core,"k8s.io/client-go/informers/networking/v1beta1",Apache-2.0
core,"k8s.io/client-go/informers/node",Apache-2.0
core,"k8s.io/client-go/informers/node/v1",Apache-2.0
core,"k8s.io/client-go/informers/node/v1alpha1",Apache-2.0
core,"k8s.io/client-go/informers/node/v1beta1",Apache-2.0
core,"k8s.io/client-go/informers/policy",Apache-2.0
core,"k8s.io/client-go/informers/policy/v1",Apache-2.0
core,"k8s.io/client-go/informers/policy/v1beta1",Apache-2.0
core,"k8s.io/client-go/informers/rbac",Apache-2.0
core,"k8s.io/client-go/informers/rbac/v1",Apache-2.0
core,"k8s.io/client-go/informers/rbac/v1alpha1",Apache-2.0
core,"k8s.io/client-go/informers/rbac/v1beta1",Apache-2.0
core,"k8s.io/client-go/informers/scheduling",Apache-2.0
core,"k8s.io/client-go/informers/scheduling/v1",Apache-2.0
core,"k8s.io/client-go/informers/scheduling/v1alpha1",Apache-2.0
core,"k8s.io/client-go/informers/scheduling/v1beta1",Apache-2.0
core,"k8s.io/client-go/informers/storage",Apache-2.0
core,"k8s.io/client-go/informers/storage/v1",Apache-2.0
core,"k8s.io/client-go/informers/storage/v1alpha1",Apache-2.0
core,"k8s.io/client-go/informers/storage/v1beta1",Apache-2.0
core,"k8s.io/client-go/kubernetes",Apache-2.0
core,"k8s.io/client-go/kubernetes/fake",Apache-2.0
core,"k8s.io/client-go/kubernetes/scheme",Apache-2.0
core,"k8s.io/client-go/kubernetes/typed/admissionregistration/v1",Apache-2.0
core,"k8s.io/client-go/kubernetes/typed/admissionregistration/v1/fake",Apache-2.0
core,"k8s.io/client-go/kubernetes/typed/admissionregistration/v1beta1",Apache-2.0
core,"k8s.io/client-go/kubernetes/typed/admissionregistration/v1beta1/fake",Apache-2.0
core,"k8s.io/client-go/kubernetes/typed/apiserverinternal/v1alpha1",Apache-2.0
core,"k8s.io/client-go/kubernetes/typed/apiserverinternal/v1alpha1/fake",Apache-2.0
core,"k8s.io/client-go/kubernetes/typed/apps/v1",Apache-2.0
core,"k8s.io/client-go/kubernetes/typed/apps/v1/fake",Apache-2.0
core,"k8s.io/client-go/kubernetes/typed/apps/v1beta1",Apache-2.0
core,"k8s.io/client-go/kubernetes/typed/apps/v1beta1/fake",Apache-2.0
core,"k8s.io/client-go/kubernetes/typed/apps/v1beta2",Apache-2.0
core,"k8s.io/client-go/kubernetes/typed/apps/v1beta2/fake",Apache-2.0
core,"k8s.io/client-go/kubernetes/typed/authentication/v1",Apache-2.0
core,"k8s.io/client-go/kubernetes/typed/authentication/v1/fake",Apache-2.0
core,"k8s.io/client-go/kubernetes/typed/authentication/v1beta1",Apache-2.0
core,"k8s.io/client-go/kubernetes/typed/authentication/v1beta1/fake",Apache-2.0
core,"k8s.io/client-go/kubernetes/typed/authorization/v1",Apache-2.0
core,"k8s.io/client-go/kubernetes/typed/authorization/v1/fake",Apache-2.0
core,"k8s.io/client-go/kubernetes/typed/authorization/v1beta1",Apache-2.0
core,"k8s.io/client-go/kubernetes/typed/authorization/v1beta1/fake",Apache-2.0
core,"k8s.io/client-go/kubernetes/typed/autoscaling/v1",Apache-2.0
core,"k8s.io/client-go/kubernetes/typed/autoscaling/v1/fake",Apache-2.0
core,"k8s.io/client-go/kubernetes/typed/autoscaling/v2",Apache-2.0
core,"k8s.io/client-go/kubernetes/typed/autoscaling/v2/fake",Apache-2.0
core,"k8s.io/client-go/kubernetes/typed/autoscaling/v2beta1",Apache-2.0
core,"k8s.io/client-go/kubernetes/typed/autoscaling/v2beta1/fake",Apache-2.0
core,"k8s.io/client-go/kubernetes/typed/autoscaling/v2beta2",Apache-2.0
core,"k8s.io/client-go/kubernetes/typed/autoscaling/v2beta2/fake",Apache-2.0
core,"k8s.io/client-go/kubernetes/typed/batch/v1",Apache-2.0
core,"k8s.io/client-go/kubernetes/typed/batch/v1/fake",Apache-2.0
core,"k8s.io/client-go/kubernetes/typed/batch/v1beta1",Apache-2.0
core,"k8s.io/client-go/kubernetes/typed/batch/v1beta1/fake",Apache-2.0
core,"k8s.io/client-go/kubernetes/typed/certificates/v1",Apache-2.0
core,"k8s.io/client-go/kubernetes/typed/certificates/v1/fake",Apache-2.0
core,"k8s.io/client-go/kubernetes/typed/certificates/v1beta1",Apache-2.0
core,"k8s.io/client-go/kubernetes/typed/certificates/v1beta1/fake",Apache-2.0
core,"k8s.io/client-go/kubernetes/typed/coordination/v1",Apache-2.0
core,"k8s.io/client-go/kubernetes/typed/coordination/v1/fake",Apache-2.0
core,"k8s.io/client-go/kubernetes/typed/coordination/v1beta1",Apache-2.0
core,"k8s.io/client-go/kubernetes/typed/coordination/v1beta1/fake",Apache-2.0
core,"k8s.io/client-go/kubernetes/typed/core/v1",Apache-2.0
core,"k8s.io/client-go/kubernetes/typed/core/v1/fake",Apache-2.0
core,"k8s.io/client-go/kubernetes/typed/discovery/v1",Apache-2.0
core,"k8s.io/client-go/kubernetes/typed/discovery/v1/fake",Apache-2.0
core,"k8s.io/client-go/kubernetes/typed/discovery/v1beta1",Apache-2.0
core,"k8s.io/client-go/kubernetes/typed/discovery/v1beta1/fake",Apache-2.0
core,"k8s.io/client-go/kubernetes/typed/events/v1",Apache-2.0
core,"k8s.io/client-go/kubernetes/typed/events/v1/fake",Apache-2.0
core,"k8s.io/client-go/kubernetes/typed/events/v1beta1",Apache-2.0
core,"k8s.io/client-go/kubernetes/typed/events/v1beta1/fake",Apache-2.0
core,"k8s.io/client-go/kubernetes/typed/extensions/v1beta1",Apache-2.0
core,"k8s.io/client-go/kubernetes/typed/extensions/v1beta1/fake",Apache-2.0
core,"k8s.io/client-go/kubernetes/typed/flowcontrol/v1alpha1",Apache-2.0
core,"k8s.io/client-go/kubernetes/typed/flowcontrol/v1alpha1/fake",Apache-2.0
core,"k8s.io/client-go/kubernetes/typed/flowcontrol/v1beta1",Apache-2.0
core,"k8s.io/client-go/kubernetes/typed/flowcontrol/v1beta1/fake",Apache-2.0
core,"k8s.io/client-go/kubernetes/typed/flowcontrol/v1beta2",Apache-2.0
core,"k8s.io/client-go/kubernetes/typed/flowcontrol/v1beta2/fake",Apache-2.0
core,"k8s.io/client-go/kubernetes/typed/networking/v1",Apache-2.0
core,"k8s.io/client-go/kubernetes/typed/networking/v1/fake",Apache-2.0
core,"k8s.io/client-go/kubernetes/typed/networking/v1beta1",Apache-2.0
core,"k8s.io/client-go/kubernetes/typed/networking/v1beta1/fake",Apache-2.0
core,"k8s.io/client-go/kubernetes/typed/node/v1",Apache-2.0
core,"k8s.io/client-go/kubernetes/typed/node/v1/fake",Apache-2.0
core,"k8s.io/client-go/kubernetes/typed/node/v1alpha1",Apache-2.0
core,"k8s.io/client-go/kubernetes/typed/node/v1alpha1/fake",Apache-2.0
core,"k8s.io/client-go/kubernetes/typed/node/v1beta1",Apache-2.0
core,"k8s.io/client-go/kubernetes/typed/node/v1beta1/fake",Apache-2.0
core,"k8s.io/client-go/kubernetes/typed/policy/v1",Apache-2.0
core,"k8s.io/client-go/kubernetes/typed/policy/v1/fake",Apache-2.0
core,"k8s.io/client-go/kubernetes/typed/policy/v1beta1",Apache-2.0
core,"k8s.io/client-go/kubernetes/typed/policy/v1beta1/fake",Apache-2.0
core,"k8s.io/client-go/kubernetes/typed/rbac/v1",Apache-2.0
core,"k8s.io/client-go/kubernetes/typed/rbac/v1/fake",Apache-2.0
core,"k8s.io/client-go/kubernetes/typed/rbac/v1alpha1",Apache-2.0
core,"k8s.io/client-go/kubernetes/typed/rbac/v1alpha1/fake",Apache-2.0
core,"k8s.io/client-go/kubernetes/typed/rbac/v1beta1",Apache-2.0
core,"k8s.io/client-go/kubernetes/typed/rbac/v1beta1/fake",Apache-2.0
core,"k8s.io/client-go/kubernetes/typed/scheduling/v1",Apache-2.0
core,"k8s.io/client-go/kubernetes/typed/scheduling/v1/fake",Apache-2.0
core,"k8s.io/client-go/kubernetes/typed/scheduling/v1alpha1",Apache-2.0
core,"k8s.io/client-go/kubernetes/typed/scheduling/v1alpha1/fake",Apache-2.0
core,"k8s.io/client-go/kubernetes/typed/scheduling/v1beta1",Apache-2.0
core,"k8s.io/client-go/kubernetes/typed/scheduling/v1beta1/fake",Apache-2.0
core,"k8s.io/client-go/kubernetes/typed/storage/v1",Apache-2.0
core,"k8s.io/client-go/kubernetes/typed/storage/v1/fake",Apache-2.0
core,"k8s.io/client-go/kubernetes/typed/storage/v1alpha1",Apache-2.0
core,"k8s.io/client-go/kubernetes/typed/storage/v1alpha1/fake",Apache-2.0
core,"k8s.io/client-go/kubernetes/typed/storage/v1beta1",Apache-2.0
core,"k8s.io/client-go/kubernetes/typed/storage/v1beta1/fake",Apache-2.0
core,"k8s.io/client-go/listers/admissionregistration/v1",Apache-2.0
core,"k8s.io/client-go/listers/admissionregistration/v1beta1",Apache-2.0
core,"k8s.io/client-go/listers/apiserverinternal/v1alpha1",Apache-2.0
core,"k8s.io/client-go/listers/apps/v1",Apache-2.0
core,"k8s.io/client-go/listers/apps/v1beta1",Apache-2.0
core,"k8s.io/client-go/listers/apps/v1beta2",Apache-2.0
core,"k8s.io/client-go/listers/autoscaling/v1",Apache-2.0
core,"k8s.io/client-go/listers/autoscaling/v2",Apache-2.0
core,"k8s.io/client-go/listers/autoscaling/v2beta1",Apache-2.0
core,"k8s.io/client-go/listers/autoscaling/v2beta2",Apache-2.0
core,"k8s.io/client-go/listers/batch/v1",Apache-2.0
core,"k8s.io/client-go/listers/batch/v1beta1",Apache-2.0
core,"k8s.io/client-go/listers/certificates/v1",Apache-2.0
core,"k8s.io/client-go/listers/certificates/v1beta1",Apache-2.0
core,"k8s.io/client-go/listers/coordination/v1",Apache-2.0
core,"k8s.io/client-go/listers/coordination/v1beta1",Apache-2.0
core,"k8s.io/client-go/listers/core/v1",Apache-2.0
core,"k8s.io/client-go/listers/discovery/v1",Apache-2.0
core,"k8s.io/client-go/listers/discovery/v1beta1",Apache-2.0
core,"k8s.io/client-go/listers/events/v1",Apache-2.0
core,"k8s.io/client-go/listers/events/v1beta1",Apache-2.0
core,"k8s.io/client-go/listers/extensions/v1beta1",Apache-2.0
core,"k8s.io/client-go/listers/flowcontrol/v1alpha1",Apache-2.0
core,"k8s.io/client-go/listers/flowcontrol/v1beta1",Apache-2.0
core,"k8s.io/client-go/listers/flowcontrol/v1beta2",Apache-2.0
core,"k8s.io/client-go/listers/networking/v1",Apache-2.0
core,"k8s.io/client-go/listers/networking/v1beta1",Apache-2.0
core,"k8s.io/client-go/listers/node/v1",Apache-2.0
core,"k8s.io/client-go/listers/node/v1alpha1",Apache-2.0
core,"k8s.io/client-go/listers/node/v1beta1",Apache-2.0
core,"k8s.io/client-go/listers/policy/v1",Apache-2.0
core,"k8s.io/client-go/listers/policy/v1beta1",Apache-2.0
core,"k8s.io/client-go/listers/rbac/v1",Apache-2.0
core,"k8s.io/client-go/listers/rbac/v1alpha1",Apache-2.0
core,"k8s.io/client-go/listers/rbac/v1beta1",Apache-2.0
core,"k8s.io/client-go/listers/scheduling/v1",Apache-2.0
core,"k8s.io/client-go/listers/scheduling/v1alpha1",Apache-2.0
core,"k8s.io/client-go/listers/scheduling/v1beta1",Apache-2.0
core,"k8s.io/client-go/listers/storage/v1",Apache-2.0
core,"k8s.io/client-go/listers/storage/v1alpha1",Apache-2.0
core,"k8s.io/client-go/listers/storage/v1beta1",Apache-2.0
core,"k8s.io/client-go/openapi",Apache-2.0
core,"k8s.io/client-go/pkg/apis/clientauthentication",Apache-2.0
core,"k8s.io/client-go/pkg/apis/clientauthentication/install",Apache-2.0
core,"k8s.io/client-go/pkg/apis/clientauthentication/v1",Apache-2.0
core,"k8s.io/client-go/pkg/apis/clientauthentication/v1beta1",Apache-2.0
core,"k8s.io/client-go/pkg/version",Apache-2.0
core,"k8s.io/client-go/plugin/pkg/client/auth/exec",Apache-2.0
core,"k8s.io/client-go/plugin/pkg/client/auth/gcp",Apache-2.0
core,"k8s.io/client-go/rest",Apache-2.0
core,"k8s.io/client-go/rest/fake",Apache-2.0
core,"k8s.io/client-go/rest/watch",Apache-2.0
core,"k8s.io/client-go/testing",Apache-2.0
core,"k8s.io/client-go/third_party/forked/golang/template",Apache-2.0
core,"k8s.io/client-go/tools/cache",Apache-2.0
core,"k8s.io/client-go/tools/clientcmd/api",Apache-2.0
core,"k8s.io/client-go/tools/metrics",Apache-2.0
core,"k8s.io/client-go/tools/pager",Apache-2.0
core,"k8s.io/client-go/tools/reference",Apache-2.0
core,"k8s.io/client-go/transport",Apache-2.0
core,"k8s.io/client-go/util/cert",Apache-2.0
core,"k8s.io/client-go/util/connrotation",Apache-2.0
core,"k8s.io/client-go/util/flowcontrol",Apache-2.0
core,"k8s.io/client-go/util/jsonpath",Apache-2.0
core,"k8s.io/client-go/util/keyutil",Apache-2.0
core,"k8s.io/client-go/util/workqueue",Apache-2.0
core,"k8s.io/klog/v2",Apache-2.0
core,"k8s.io/klog/v2/internal/buffer",Apache-2.0
core,"k8s.io/klog/v2/internal/clock",Apache-2.0
core,"k8s.io/klog/v2/internal/serialize",Apache-2.0
core,"k8s.io/klog/v2/internal/severity",Apache-2.0
core,"k8s.io/kube-openapi/pkg/builder3/util",Apache-2.0
core,"k8s.io/kube-openapi/pkg/common",Apache-2.0
core,"k8s.io/kube-openapi/pkg/handler3",Apache-2.0
core,"k8s.io/kube-openapi/pkg/internal/handler",Apache-2.0
core,"k8s.io/kube-openapi/pkg/openapiconv",Apache-2.0
core,"k8s.io/kube-openapi/pkg/schemaconv",Apache-2.0
core,"k8s.io/kube-openapi/pkg/schemamutation",Apache-2.0
core,"k8s.io/kube-openapi/pkg/spec3",Apache-2.0
core,"k8s.io/kube-openapi/pkg/util/proto",Apache-2.0
core,"k8s.io/kube-openapi/pkg/validation/spec",Apache-2.0
core,"k8s.io/utils/buffer",Apache-2.0
core,"k8s.io/utils/clock",Apache-2.0
core,"k8s.io/utils/clock/testing",Apache-2.0
core,"k8s.io/utils/integer",Apache-2.0
core,"k8s.io/utils/internal/third_party/forked/golang/net",Apache-2.0
core,"k8s.io/utils/net",Apache-2.0
core,"k8s.io/utils/strings/slices",Apache-2.0
core,"k8s.io/utils/trace",Apache-2.0
core,"sigs.k8s.io/json",Apache-2.0
core,"sigs.k8s.io/json/internal/golang/encoding/json",Apache-2.0
core,"sigs.k8s.io/structured-merge-diff/v4/fieldpath",Apache-2.0
core,"sigs.k8s.io/structured-merge-diff/v4/schema",Apache-2.0
core,"sigs.k8s.io/structured-merge-diff/v4/typed",Apache-2.0
core,"sigs.k8s.io/structured-merge-diff/v4/value",Apache-2.0
core,"sigs.k8s.io/yaml",MIT
